<?xml version="1.0" encoding="UTF-8" standalone="yes"?>
<addon id="resource.images.moviegenreicons.xzener-flat.dutch" name="Movie Genre Icons - Xzener's Flat Icons - Dutch" version="0.0.3" provider-name="Xzener, Gade">
	<extension point="kodi.resource.images" compile="true" type="moviegenreicons" />
	<requires>
		<import addon="kodi.resource" version="1.0.0"/>
	</requires>
	<extension point="xbmc.addon.metadata">
		<summary lang="en">Xcener's Flat Movie Genre Icons Dutch</summary>
		<description lang="en">Transparent flat Movie Genre Icons Dutch original made by Xzener.</description>
		<platform>all</platform>
	</extension>
</addon>
