<?xml version="1.0" encoding="UTF-8" standalone="yes"?>
<addon id="repository.supmagc" name="supmagc's Kodi Repo" version="1.2.0" provider-name="supmagc">
	<extension point="xbmc.addon.repository" name="supmagc's Kodi Repo">
		<info compressed="false">https://raw.githubusercontent.com/supmagc/kodiaddons/master/addons.xml</info>
		<checksum>https://raw.githubusercontent.com/supmagc/kodiaddons/master/addons.xml.md5</checksum>
		<datadir zip="true">https://raw.githubusercontent.com/supmagc/kodiaddons/master/</datadir>
	</extension>
	<extension point="xbmc.addon.metadata">
		<summary>Add-ons and updates from supmagc's Kodi Repo</summary>
		<description>Add-ons and updates from supmagc's Kodi Repo</description>
		<disclaimer></disclaimer>
		<platform>all</platform>
	</extension>
</addon>