<?xml version="1.0" encoding="UTF-8" standalone="yes"?>
<addon id="resource.images.moviegenreicons.grey.dutch" name="Movie Genre Icons - Grey - Dutch" version="0.0.7" provider-name="Team Kodi">
	<extension point="kodi.resource.images" compile="true" type="moviegenreicons" />
	<requires>
		<import addon="kodi.resource" version="1.0.0"/>
	</requires>
	<extension point="xbmc.addon.metadata">
		<summary lang="en">Grey Movie Genre Icons Dutch</summary>
		<description lang="en">Grey Movie Genre Icons Dutch</description>
		<platform>all</platform>
	</extension>
</addon>
